,position,gt
0,13139.0,1
1,13199.0,0
2,13259.0,1
3,13319.0,0
4,13379.0,0
5,14339.0,1
6,14399.0,1
7,15839.0,1
8,16079.0,1
9,16139.0,0
10,17279.0,1
11,18659.0,1
12,18719.0,1
13,19079.0,1
14,21599.0,0
15,21659.0,1
16,23339.0,1
17,23399.0,0
18,23459.0,0
19,23519.0,1
20,24479.0,0
21,25859.0,1
22,25919.0,0
23,26459.0,0
24,27179.0,1
25,27239.0,1
26,27719.0,1
27,27779.0,1
28,27839.0,0
29,28739.0,1
30,28799.0,1
31,29039.0,1
32,29159.0,1
33,30239.0,0
34,30599.0,0
35,31919.0,0
36,32039.0,0
37,33359.0,0
38,33479.0,0
39,34559.0,1
40,35039.0,0
41,35999.0,1
42,37199.0,0
43,37259.0,1
44,39179.0,1
45,39239.0,1
46,39299.0,1
47,39359.0,1
48,40019.0,0
49,40079.0,1
50,43559.0,0
51,43619.0,0
52,43679.0,0
53,43739.0,1
54,44519.0,1
55,44579.0,1
56,44939.0,1
57,44999.0,1
58,45059.0,0
59,45119.0,1
60,45599.0,0
61,45659.0,1
62,46439.0,1
63,46499.0,1
64,46559.0,1
65,46619.0,1
66,47459.0,1
67,47519.0,1
68,47579.0,1
69,47879.0,1
70,48839.0,1
71,48899.0,1
72,57719.0,1
73,57779.0,0
74,57839.0,1
75,57899.0,1
76,57959.0,1
77,60419.0,1
78,60479.0,1
79,60599.0,1
80,60659.0,1
81,64259.0,1
82,64319.0,1
83,64379.0,1
84,64439.0,1
85,64799.0,0
86,64859.0,0
87,65459.0,0
88,65519.0,1
89,80099.0,1
90,80159.0,0
91,80219.0,1
92,80279.0,1
93,80339.0,1
94,80579.0,0
95,80639.0,1
96,85079.0,1
97,85139.0,0
98,85199.0,0
99,85259.0,0
100,85319.0,1
101,87839.0,0
102,88559.0,1
103,88739.0,0
104,89279.0,1
105,89339.0,1
106,93839.0,1
107,93899.0,1
108,93959.0,1
109,94019.0,1
110,94259.0,0
111,94499.0,0
112,95039.0,0
113,95099.0,1
114,104459.0,1
115,104519.0,0
116,104579.0,1
117,104639.0,1
118,104699.0,1
119,104999.0,0
120,105059.0,0
121,105119.0,0
122,105179.0,1
123,105239.0,0
124,105419.0,1
125,105479.0,0
126,105659.0,0
127,105719.0,1
128,105779.0,1
129,105839.0,0
130,105899.0,0
131,105959.0,0
132,106079.0,0
133,106199.0,0
134,106259.0,0
135,106319.0,1
136,106379.0,0
137,106439.0,1
138,106559.0,0
139,106619.0,0
140,107819.0,0
141,107879.0,1
142,108839.0,1
143,108899.0,1
144,108959.0,1
145,109019.0,1
146,109379.0,0
147,109439.0,1
148,114539.0,1
149,114599.0,0
150,114659.0,1
151,114719.0,1
152,114779.0,1
153,115079.0,0
154,115139.0,1
155,116039.0,1
156,116099.0,1
157,116159.0,1
158,116219.0,1
159,117239.0,0
160,117299.0,0
161,117599.0,0
162,118079.0,0
163,118619.0,0
164,118679.0,1
165,118979.0,1
166,119039.0,1
167,119099.0,1
168,119519.0,0
169,119579.0,0
170,119639.0,0
171,119879.0,0
172,120059.0,0
173,120119.0,0
174,120479.0,1
175,120539.0,0
176,120659.0,0
177,120719.0,0
178,120779.0,0
179,120839.0,0
180,120899.0,0
181,120959.0,0
182,121019.0,1
183,123959.0,1
184,124019.0,1
185,124079.0,0
186,124139.0,1
187,124379.0,0
188,124439.0,1
189,124739.0,1
190,124799.0,1
191,124859.0,1
192,125219.0,0
193,125519.0,0
194,125759.0,0
195,125879.0,0
196,125939.0,0
197,125999.0,0
198,126059.0,0
199,126359.0,0
200,126479.0,0
201,126539.0,1
202,126899.0,1
203,126959.0,1
204,127019.0,1
205,127379.0,0
206,127799.0,0
207,128039.0,1
208,128099.0,0
209,128159.0,0
210,128819.0,1
211,130979.0,0
212,131219.0,1
213,131279.0,1
214,131339.0,0
215,131399.0,0
216,131519.0,0
217,132119.0,1
218,132179.0,1
219,132419.0,1
220,132479.0,1
221,139859.0,1
222,139919.0,1
223,139979.0,1
224,140039.0,0
225,140099.0,1
226,140519.0,1
227,140699.0,1
228,141059.0,1
229,141119.0,1
230,144119.0,1
231,144179.0,1
232,144239.0,1
233,144299.0,1
234,144539.0,0
235,144599.0,1
236,144899.0,1
237,144959.0,1
238,145019.0,0
239,145319.0,1
240,147059.0,1
241,147119.0,1
242,147179.0,1
243,147239.0,1
244,148259.0,0
245,148859.0,0
246,148979.0,0
247,149219.0,1
248,149519.0,0
249,149699.0,1
250,149759.0,1
251,164159.0,1
252,164219.0,1
253,164279.0,1
254,164339.0,1
255,164399.0,1
256,165539.0,0
257,165599.0,0
258,165659.0,0
259,165839.0,0
260,166079.0,0
261,166139.0,0
262,166199.0,0
263,166259.0,0
264,166319.0,0
265,166379.0,0
266,166499.0,0
267,166559.0,0
268,166679.0,0
269,166739.0,0
270,166799.0,1
271,166859.0,0
272,166919.0,0
273,166979.0,0
274,167039.0,0
275,167099.0,0
276,167279.0,0
277,167579.0,0
278,167639.0,0
279,167699.0,0
280,167759.0,0
281,167819.0,0
282,167879.0,1
283,167939.0,0
284,168179.0,0
285,168239.0,0
286,168299.0,0
287,168359.0,0
288,168419.0,0
289,169139.0,1
290,169859.0,0
291,169919.0,0
292,170039.0,0
293,170099.0,0
294,170279.0,0
295,170399.0,0
296,170459.0,0
297,170519.0,0
298,170579.0,0
299,170639.0,0
300,170699.0,0
301,170999.0,0
302,171059.0,0
303,171119.0,0
304,171179.0,0
305,171239.0,0
306,171299.0,1
307,171359.0,1
308,176519.0,0
309,176579.0,1
310,176639.0,1
311,176699.0,1
312,177059.0,0
313,177779.0,1
314,177839.0,0
315,177959.0,1
316,178499.0,0
317,178559.0,0
318,178619.0,0
319,178739.0,0
320,178859.0,0
321,178979.0,0
322,179039.0,0
323,179099.0,0
324,179159.0,0
325,179219.0,0
326,179279.0,0
327,179339.0,0
328,179399.0,0
329,179519.0,0
330,179639.0,1
331,179699.0,1
332,179759.0,0
333,179819.0,0
334,179879.0,0
335,179939.0,0
336,179999.0,0
337,180059.0,0
338,180119.0,0
339,180179.0,0
340,180299.0,0
341,180419.0,0
342,180479.0,0
343,180539.0,0
344,180599.0,1
345,180659.0,0
346,180719.0,0
347,180959.0,0
348,181019.0,0
349,181139.0,0
350,181199.0,0
351,181259.0,0
352,181319.0,0
353,181379.0,1
354,184259.0,0
355,184319.0,0
356,184379.0,0
357,184439.0,0
358,184559.0,0
359,184679.0,0
360,184739.0,0
361,184799.0,0
362,184859.0,1
363,184919.0,0
364,184979.0,1
365,185219.0,0
366,185279.0,0
367,185399.0,0
368,185459.0,1
369,185519.0,0
370,185579.0,0
371,185639.0,0
372,185699.0,1
373,185759.0,0
374,185819.0,0
375,185879.0,0
376,186059.0,0
377,186179.0,1
378,186239.0,0
379,186299.0,0
380,186719.0,0
381,186899.0,0
382,186959.0,0
383,187019.0,0
384,187079.0,0
385,187139.0,1
386,187199.0,0
387,187259.0,0
388,187319.0,0
389,187379.0,0
390,187439.0,0
391,187499.0,0
392,187619.0,0
393,187679.0,0
394,187739.0,1
395,188219.0,0
396,188339.0,0
397,188399.0,0
398,188459.0,0
399,188519.0,0
400,188579.0,1
401,188639.0,0
402,188699.0,1
403,188759.0,1
404,188879.0,0
405,188939.0,0
406,189059.0,0
407,189119.0,0
408,189179.0,1
409,189239.0,1
410,189299.0,0
411,189539.0,1
412,189599.0,0
413,189719.0,0
414,189779.0,1
415,189839.0,1
416,189899.0,0
417,189959.0,0
418,190019.0,0
419,190079.0,0
420,190139.0,0
421,190199.0,0
422,190259.0,1
423,190319.0,0
424,190499.0,0
425,190559.0,1
426,190619.0,1
427,194579.0,1
428,194639.0,1
429,194699.0,1
430,194759.0,1
431,195059.0,1
432,195419.0,1
433,195659.0,0
434,195779.0,0
435,195839.0,0
436,195899.0,0
437,195959.0,0
438,196079.0,0
439,196139.0,0
440,196199.0,0
441,196259.0,0
442,196319.0,0
443,196379.0,0
444,196439.0,0
445,196499.0,0
446,196559.0,0
447,196619.0,0
448,196679.0,0
449,196739.0,0
450,196799.0,0
451,196919.0,0
452,196979.0,0
453,197039.0,0
454,197099.0,0
455,197159.0,1
456,197219.0,1
457,197279.0,0
458,197339.0,0
459,197399.0,0
460,197519.0,0
461,197639.0,0
462,197699.0,0
463,197759.0,1
464,197819.0,1
465,197879.0,1
466,197939.0,1
467,197999.0,0
468,198059.0,1
469,198119.0,1
470,198179.0,0
471,198419.0,0
472,198479.0,0
473,198539.0,0
474,198599.0,0
475,198659.0,0
476,198719.0,0
477,198779.0,0
478,198839.0,0
479,198959.0,0
480,199019.0,0
481,199079.0,0
482,199139.0,0
483,199199.0,0
484,199259.0,1
485,199319.0,0
486,199379.0,0
487,199439.0,0
488,199499.0,1
489,199559.0,1
490,199679.0,0
491,199859.0,0
492,199919.0,0
493,199979.0,0
494,200039.0,0
495,200099.0,1
496,200159.0,0
497,200219.0,0
498,200279.0,0
499,200339.0,0
500,200459.0,0
501,200519.0,0
502,200579.0,0
503,200639.0,0
504,200699.0,0
505,200759.0,0
506,200819.0,0
507,200879.0,0
508,200939.0,0
509,200999.0,0
510,201059.0,0
511,201119.0,0
512,201239.0,0
513,201299.0,0
514,201359.0,0
515,201419.0,0
516,201479.0,0
517,203939.0,0
518,203999.0,0
519,204059.0,0
520,204119.0,0
521,204179.0,0
522,204239.0,0
523,204299.0,0
524,204359.0,0
525,204419.0,0
526,204479.0,0
527,204539.0,0
528,204599.0,0
529,204659.0,0
530,204779.0,0
531,204899.0,0
532,204959.0,0
533,205019.0,0
534,205079.0,0
535,205139.0,0
536,205199.0,0
537,205259.0,0
538,205319.0,0
539,205379.0,0
540,205439.0,0
541,205559.0,0
542,205619.0,0
543,205679.0,0
544,205739.0,0
545,205799.0,0
546,205859.0,0
547,205919.0,0
548,206819.0,0
549,206879.0,0
550,206939.0,0
551,206999.0,0
552,207059.0,0
553,207119.0,0
554,207179.0,0
555,207239.0,0
556,207299.0,0
557,207359.0,0
558,207419.0,0
559,207479.0,0
560,207599.0,0
561,207779.0,0
562,207839.0,0
563,207899.0,0
564,208379.0,0
565,208499.0,0
566,208559.0,0
567,208619.0,0
568,208679.0,0
569,210179.0,0
570,210239.0,0
571,214019.0,0
572,214079.0,0
573,214139.0,0
574,214199.0,0
575,214259.0,0
576,214499.0,0
577,214619.0,0
578,214679.0,0
579,214859.0,0
580,214979.0,0
581,215039.0,0
582,215099.0,0
583,215159.0,0
584,215219.0,0
585,215279.0,0
586,215339.0,0
587,215459.0,0
588,215699.0,0
589,215759.0,0
590,215819.0,0
591,215879.0,0
592,215939.0,0
593,215999.0,0
594,216119.0,0
595,216179.0,0
596,216479.0,0
597,216539.0,0
598,216599.0,0
599,216659.0,0
600,216719.0,0
601,216779.0,0
602,216839.0,0
603,216899.0,0
604,217139.0,0
605,217199.0,0
606,217259.0,0
607,217319.0,0
608,217379.0,0
609,217439.0,0
610,217499.0,0
611,217559.0,0
612,217619.0,0
613,217679.0,0
614,217739.0,0
615,217859.0,0
616,217919.0,0
617,217979.0,0
618,218039.0,0
619,218099.0,0
620,218159.0,0
621,218219.0,0
622,218279.0,0
623,218339.0,0
624,218459.0,0
625,218519.0,0
626,218579.0,0
627,218639.0,0
628,218699.0,0
629,218759.0,0
630,218819.0,0
631,218879.0,0
632,226019.0,0
633,226379.0,0
634,226439.0,0
635,226499.0,0
636,226559.0,0
637,226619.0,0
638,226679.0,0
639,226739.0,0
640,226799.0,0
641,226859.0,0
642,226919.0,0
643,226979.0,0
644,227099.0,0
645,227219.0,0
646,227279.0,0
647,227339.0,0
648,227399.0,0
649,227459.0,0
650,227519.0,0
651,227579.0,0
652,227639.0,0
653,227699.0,0
654,227759.0,0
655,227939.0,0
656,227999.0,0
657,228059.0,0
658,228119.0,0
659,228179.0,0
660,228239.0,0
661,228299.0,0
662,228359.0,0
663,228419.0,0
664,228479.0,0
665,228659.0,0
666,228719.0,0
667,228779.0,0
668,228839.0,0
669,228899.0,0
670,228959.0,0
671,229499.0,0
672,229559.0,0
673,230339.0,0
674,230399.0,0
675,230459.0,0
676,230519.0,0
677,230579.0,0
678,230639.0,0
679,230819.0,0
680,230879.0,0
681,230939.0,0
682,230999.0,0
683,231359.0,0
684,231539.0,0
685,231599.0,0
686,231659.0,0
687,231719.0,0
688,231779.0,0
689,231839.0,0
690,231899.0,0
691,236879.0,0
692,236939.0,0
693,236999.0,0
694,237059.0,0
695,237119.0,0
696,237179.0,0
697,237299.0,0
698,237359.0,0
699,237419.0,0
700,237479.0,0
701,237539.0,0
702,237599.0,0
703,237659.0,0
704,237719.0,0
705,237779.0,0
706,237899.0,0
707,238019.0,0
708,238079.0,0
709,238139.0,0
710,238199.0,0
711,238259.0,0
712,238319.0,0
713,238379.0,0
714,238439.0,0
715,238499.0,0
716,238739.0,0
717,238799.0,0
718,238859.0,0
719,238919.0,0
720,238979.0,0
721,239039.0,0
722,239639.0,0
723,240419.0,0
724,240479.0,0
725,240539.0,0
726,240599.0,0
727,240659.0,0
728,240719.0,0
729,240779.0,0
730,240899.0,0
731,240959.0,0
732,241019.0,0
733,241079.0,0
734,241139.0,0
735,241439.0,0
736,241499.0,0
737,241619.0,0
738,241679.0,0
739,241739.0,0
740,241799.0,0
741,241859.0,0
742,241919.0,0
743,241979.0,0
744,242039.0,0
745,242099.0,0
746,242159.0,0
747,242279.0,0
748,242339.0,0
749,242399.0,0
750,242459.0,0
751,242939.0,0
752,243059.0,0
753,243119.0,0
754,243179.0,0
755,243239.0,0
756,243299.0,0
757,243359.0,0
758,244919.0,0
759,244979.0,0
760,245039.0,0
761,245099.0,0
762,245159.0,0
763,245759.0,0
764,245819.0,0
765,245879.0,0
766,245939.0,0
767,245999.0,0
768,246059.0,0
769,246119.0,0
770,246179.0,0
771,246239.0,0
772,246299.0,0
773,246359.0,0
774,246419.0,0
775,246479.0,0
776,246659.0,0
777,246719.0,0
778,246779.0,0
779,246839.0,0
780,246899.0,0
781,246959.0,0
782,247019.0,0
783,247079.0,0
784,247139.0,0
785,247259.0,0
786,247319.0,0
787,247439.0,0
788,247499.0,0
789,247559.0,0
790,247619.0,0
791,247679.0,0
792,247739.0,0
793,247799.0,0
794,247859.0,0
795,247919.0,0
796,248099.0,0
797,248159.0,0
798,248219.0,0
799,248279.0,0
800,248339.0,0
801,248399.0,0
802,248639.0,0
803,248699.0,0
804,248819.0,0
805,248879.0,0
806,248939.0,0
807,248999.0,0
808,249059.0,0
809,249119.0,0
810,249179.0,0
811,249239.0,0
812,249299.0,0
813,249419.0,0
814,249539.0,0
815,249599.0,0
816,249659.0,0
817,249719.0,0
818,249779.0,0
819,249839.0,0
820,249899.0,0
821,249959.0,0
822,250019.0,0
823,250259.0,0
824,250319.0,0
825,250379.0,0
826,250439.0,0
827,250499.0,0
828,250559.0,0
829,250619.0,0
830,250679.0,0
831,250739.0,0
832,250799.0,0
833,250859.0,0
834,250979.0,0
835,251039.0,0
836,251099.0,0
837,251159.0,0
838,251219.0,0
839,251279.0,0
840,251339.0,0
841,251399.0,0
842,251459.0,0
843,251579.0,0
844,251699.0,0
845,251759.0,0
846,251819.0,0
847,251879.0,0
848,251939.0,0
849,251999.0,0
850,253379.0,0
851,253439.0,0
852,254339.0,0
853,254399.0,0
854,254459.0,0
855,254519.0,0
856,254819.0,0
857,255539.0,0
858,255659.0,0
859,255779.0,0
860,255839.0,0
861,256259.0,0
862,256319.0,0
863,256379.0,0
864,256439.0,0
865,256499.0,0
866,256619.0,0
867,256739.0,0
868,256799.0,0
869,256859.0,0
870,256919.0,0
871,256979.0,0
872,257039.0,0
873,257099.0,0
874,257159.0,0
875,257219.0,0
876,257339.0,0
877,257459.0,0
878,257519.0,0
879,257579.0,0
880,257639.0,0
881,257699.0,0
882,257759.0,0
883,257819.0,0
884,257879.0,0
885,257939.0,0
886,257999.0,0
887,258179.0,0
888,258239.0,0
889,258299.0,0
890,258359.0,0
891,258419.0,0
892,258479.0,0
893,258539.0,0
894,258599.0,0
895,258659.0,0
896,258899.0,0
897,258959.0,0
898,259019.0,0
899,259079.0,0
900,259139.0,0
901,259199.0,0
902,259259.0,0
903,259319.0,0
904,259379.0,0
905,259499.0,0
906,259559.0,0
907,259619.0,0
908,259679.0,0
909,259739.0,0
910,259799.0,0
911,259859.0,0
912,259919.0,0
913,259979.0,0
914,260039.0,0
915,260099.0,0
916,260159.0,0
917,260339.0,0
918,260399.0,0
919,260459.0,0
920,260519.0,0
921,260579.0,0
922,260639.0,0
923,260699.0,0
924,260759.0,0
925,260819.0,0
926,260879.0,0
927,260939.0,0
928,261059.0,0
929,261119.0,0
930,261179.0,0
931,261239.0,0
932,261299.0,0
933,264479.0,0
934,264539.0,0
935,264599.0,0
936,264659.0,0
937,264899.0,0
938,264959.0,0
939,265019.0,0
940,265079.0,0
941,265139.0,0
942,265199.0,0
943,265259.0,0
944,265379.0,0
945,265439.0,0
946,265499.0,0
947,265559.0,0
948,265619.0,0
949,265679.0,0
950,265739.0,0
951,265799.0,0
952,265859.0,0
953,265919.0,0
954,266039.0,0
955,266099.0,0
956,266159.0,0
957,266219.0,0
958,266279.0,0
959,266339.0,0
960,266399.0,0
961,266459.0,0
962,266519.0,0
963,266579.0,0
964,266639.0,0
965,266699.0,0
966,266819.0,0
967,266879.0,0
968,266939.0,0
969,266999.0,0
970,267059.0,0
971,267119.0,0
972,267179.0,0
973,267239.0,0
974,267359.0,0
975,267479.0,0
976,267539.0,0
977,267599.0,0
978,267659.0,0
979,267719.0,0
980,267779.0,0
981,267839.0,0
982,267899.0,0
983,267959.0,0
984,268019.0,0
985,268079.0,0
986,268139.0,0
987,268259.0,0
988,268319.0,0
989,268379.0,0
990,268439.0,0
991,268799.0,0
992,268859.0,0
993,268919.0,0
994,268979.0,0
995,269039.0,0
996,269099.0,0
997,269219.0,0
998,269279.0,0
999,270899.0,0
1000,270959.0,0
1001,271019.0,0
1002,271079.0,0
1003,271439.0,0
1004,272099.0,0
1005,275159.0,0
1006,275219.0,0
1007,275279.0,0
1008,275339.0,0
1009,275399.0,0
1010,275459.0,0
1011,275519.0,0
1012,275579.0,0
1013,275639.0,0
1014,275699.0,0
1015,275759.0,0
1016,275819.0,0
1017,275879.0,0
1018,275939.0,0
1019,276179.0,0
1020,276239.0,0
1021,276299.0,0
1022,276359.0,0
1023,276419.0,0
1024,276479.0,0
1025,276539.0,0
1026,276599.0,0
1027,276659.0,0
1028,276719.0,0
1029,276779.0,0
1030,276899.0,0
1031,276959.0,0
1032,277019.0,0
1033,277079.0,0
1034,277139.0,0
1035,277199.0,0
1036,277259.0,0
1037,277319.0,0
1038,277379.0,0
1039,277619.0,0
1040,277679.0,0
1041,277739.0,0
1042,277799.0,0
1043,277859.0,0
1044,277919.0,0
1045,277979.0,0
1046,278039.0,0
1047,278099.0,0
1048,278219.0,0
1049,278279.0,0
1050,278339.0,0
1051,278399.0,0
1052,278459.0,0
1053,278519.0,0
1054,278579.0,0
1055,278639.0,0
1056,278699.0,0
1057,278759.0,0
1058,278819.0,0
1059,279059.0,0
1060,279119.0,0
1061,279179.0,0
1062,279239.0,0
1063,279299.0,0
1064,279359.0,0
1065,279419.0,0
1066,279479.0,0
1067,279539.0,0
1068,279599.0,0
1069,279659.0,0
1070,279719.0,0
1071,279779.0,0
1072,279839.0,0
1073,279899.0,0
1074,279959.0,0
1075,283259.0,0
1076,283319.0,0
1077,283379.0,0
1078,283439.0,0
1079,283619.0,0
1080,283739.0,0
1081,284579.0,0
1082,284639.0,0
1083,284699.0,0
1084,284759.0,0
1085,284999.0,0
1086,285059.0,0
1087,285719.0,0
1088,285899.0,0
1089,286319.0,0
1090,286559.0,0
1091,286619.0,0
1092,286679.0,0
1093,286739.0,0
1094,286799.0,0
1095,286859.0,0
1096,286979.0,0
1097,287039.0,0
1098,287099.0,0
1099,287159.0,0
1100,287219.0,0
1101,287279.0,0
1102,287339.0,0
1103,287399.0,0
1104,287459.0,0
1105,287579.0,0
1106,287639.0,0
1107,287699.0,0
1108,287759.0,0
1109,287819.0,0
1110,287879.0,0
1111,287939.0,0
1112,287999.0,0
1113,288059.0,0
1114,288119.0,0
1115,288179.0,0
1116,288239.0,0
1117,288299.0,0
1118,288359.0,0
1119,288419.0,0
1120,288479.0,0
1121,288539.0,0
1122,288599.0,0
1123,288659.0,0
1124,288719.0,0
1125,288779.0,0
1126,288839.0,0
1127,288899.0,0
1128,289139.0,0
1129,289199.0,0
1130,289259.0,0
1131,289319.0,0
1132,289379.0,0
1133,289439.0,0
1134,289499.0,0
1135,289559.0,0
1136,289619.0,0
1137,289679.0,0
1138,289739.0,0
1139,289859.0,0
1140,289919.0,0
1141,289979.0,0
1142,290039.0,0
1143,290099.0,0
1144,290159.0,0
1145,290219.0,0
1146,290279.0,0
1147,290339.0,0
1148,290399.0,0
1149,290459.0,0
1150,290519.0,0
1151,290579.0,0
1152,290639.0,0
1153,290699.0,0
1154,290759.0,0
1155,290819.0,0
1156,290879.0,0
1157,290939.0,0
1158,290999.0,0
1159,291059.0,0
1160,291179.0,0
1161,291299.0,0
1162,291359.0,0
1163,291419.0,0
1164,291479.0,0
1165,291539.0,0
1166,291599.0,0
1167,291659.0,0
1168,291719.0,0
1169,291779.0,0
1170,292019.0,0
1171,292079.0,0
1172,292139.0,0
1173,292199.0,0
1174,292259.0,0
1175,292919.0,0
1176,293699.0,0
1177,293759.0,0
1178,293819.0,0
1179,293879.0,0
1180,293939.0,0
1181,293999.0,0
1182,294059.0,0
1183,294179.0,0
1184,294239.0,0
1185,294719.0,0
1186,294779.0,0
1187,294899.0,0
1188,294959.0,0
1189,295019.0,0
1190,295079.0,0
1191,295139.0,0
1192,295199.0,0
1193,295259.0,0
1194,295319.0,0
1195,295379.0,0
1196,295439.0,0
1197,295499.0,0
1198,295559.0,0
1199,295619.0,0
1200,295679.0,0
1201,295739.0,0
1202,295799.0,0
1203,295859.0,0
1204,295919.0,0
1205,296159.0,0
1206,296219.0,0
1207,296279.0,0
1208,296339.0,0
1209,296399.0,0
1210,296459.0,0
1211,296519.0,0
1212,296579.0,0
1213,297239.0,0
1214,297479.0,0
1215,297839.0,0
1216,298019.0,0
1217,298679.0,0
1218,299459.0,0
1219,299519.0,0
1220,299579.0,0
1221,299639.0,0
1222,299699.0,0
1223,299759.0,0
1224,299879.0,0
1225,299939.0,0
1226,299999.0,0
1227,300059.0,0
1228,300119.0,0
1229,300179.0,0
1230,300239.0,0
1231,300299.0,0
1232,300359.0,0
1233,300479.0,0
1234,300599.0,0
1235,300659.0,0
1236,300719.0,0
1237,300779.0,0
1238,300839.0,0
1239,300959.0,0
1240,301019.0,0
1241,301079.0,0
1242,301139.0,0
1243,301199.0,0
1244,301259.0,0
1245,301379.0,0
1246,301439.0,0
1247,301499.0,0
1248,301559.0,0
1249,301619.0,0
1250,301679.0,0
1251,301739.0,0
1252,301799.0,0
1253,301919.0,0
1254,302039.0,0
1255,302099.0,0
1256,302159.0,0
1257,302219.0,0
1258,302279.0,0
1259,302339.0,0
1260,302399.0,0
1261,302459.0,0
1262,302519.0,0
1263,302579.0,0
1264,302639.0,0
1265,302699.0,0
1266,302819.0,0
1267,302879.0,0
1268,302939.0,0
1269,302999.0,0
1270,303059.0,0
1271,303119.0,0
1272,303239.0,0
1273,303299.0,0
1274,303419.0,0
1275,303479.0,0
1276,303539.0,0
1277,303599.0,0
1278,303659.0,0
1279,303719.0,0
1280,303779.0,0
1281,304079.0,0
1282,304139.0,0
1283,304439.0,0
1284,304739.0,0
1285,304859.0,0
1286,305039.0,0
1287,305219.0,0
1288,305579.0,0
1289,305759.0,0
1290,305939.0,0
1291,306119.0,0
1292,306479.0,0
1293,306659.0,0
1294,306719.0,0
1295,306779.0,0
1296,306839.0,0
1297,306899.0,0
1298,306959.0,0
1299,307019.0,0
1300,307199.0,0
1301,307259.0,0
1302,307319.0,0
1303,307619.0,0
1304,307679.0,0
1305,307739.0,0
1306,307799.0,0
1307,307859.0,0
1308,307919.0,0
1309,307979.0,0
1310,308039.0,0
1311,308099.0,0
1312,308159.0,0
1313,308219.0,0
1314,308279.0,0
1315,308339.0,0
1316,308459.0,0
1317,308519.0,0
1318,308579.0,0
1319,308639.0,0
1320,308699.0,0
1321,308759.0,0
1322,308819.0,0
1323,308879.0,0
1324,308939.0,0
1325,308999.0,0
1326,309059.0,0
1327,309119.0,0
1328,309239.0,0
1329,309299.0,0
1330,309359.0,0
1331,309419.0,0
1332,309479.0,0
1333,309539.0,0
1334,309599.0,0
1335,309659.0,0
1336,309719.0,0
1337,309779.0,0
1338,309839.0,0
1339,309899.0,0
1340,310079.0,0
1341,310139.0,0
1342,310199.0,0
1343,310259.0,0
1344,310319.0,0
1345,310379.0,0
1346,310439.0,0
1347,310499.0,0
1348,310559.0,0
1349,310679.0,0
1350,310739.0,0
1351,310799.0,0
1352,310859.0,0
1353,310919.0,0
1354,310979.0,0
1355,311039.0,0
1356,311099.0,0
1357,311159.0,0
1358,311219.0,0
1359,311339.0,0
1360,311399.0,0
1361,311459.0,0
1362,311519.0,0
1363,311579.0,0
1364,311639.0,0
1365,311699.0,0
1366,311759.0,0
1367,311819.0,0
1368,311879.0,0
1369,311939.0,0
1370,311999.0,0
1371,312179.0,0
1372,312239.0,0
1373,312299.0,0
1374,312359.0,0
1375,312419.0,0
1376,312479.0,0
1377,314879.0,0
1378,314939.0,0
1379,314999.0,0
1380,315059.0,0
1381,315299.0,0
1382,315359.0,0
1383,315419.0,0
1384,315479.0,0
1385,315539.0,0
1386,315659.0,0
1387,315839.0,0
1388,315899.0,0
1389,315959.0,0
1390,316019.0,0
1391,316079.0,0
1392,316139.0,0
1393,316199.0,0
1394,316259.0,0
1395,316499.0,0
1396,316559.0,0
1397,316619.0,0
1398,316679.0,0
1399,316739.0,0
1400,316799.0,0
1401,316859.0,0
1402,316919.0,0
1403,316979.0,0
1404,317039.0,0
1405,317099.0,0
1406,317279.0,0
1407,317339.0,0
1408,317399.0,0
1409,317459.0,0
1410,317519.0,0
1411,317579.0,0
1412,317639.0,0
1413,317699.0,0
1414,317939.0,0
1415,317999.0,0
1416,318059.0,0
1417,318119.0,0
1418,318179.0,0
1419,318239.0,0
1420,318299.0,0
1421,318359.0,0
1422,318419.0,0
1423,318479.0,0
1424,318599.0,0
1425,318659.0,0
1426,318719.0,0
1427,318779.0,0
1428,318839.0,0
1429,318899.0,0
1430,318959.0,0
1431,319019.0,0
1432,319079.0,0
1433,319139.0,0
1434,319199.0,0
1435,319319.0,0
1436,319379.0,0
1437,319439.0,0
1438,319499.0,0
1439,319559.0,0
1440,319619.0,0
1441,319679.0,0
1442,319739.0,0
1443,319799.0,0
1444,319859.0,0
1445,319979.0,0
1446,320159.0,0
1447,320219.0,0
1448,320279.0,0
1449,320579.0,0
1450,320639.0,0
1451,320699.0,0
1452,320759.0,0
1453,320819.0,0
1454,320879.0,0
1455,320939.0,0
1456,320999.0,0
1457,321059.0,0
1458,321359.0,0
1459,321479.0,0
1460,321599.0,0
1461,321659.0,0
1462,321719.0,0
1463,321779.0,0
1464,321839.0,0
1465,321899.0,0
1466,321959.0,0
1467,322019.0,0
1468,322259.0,0
1469,322319.0,0
1470,322379.0,0
1471,322439.0,0
1472,322499.0,0
1473,322559.0,0
1474,322619.0,0
1475,322679.0,0
1476,322739.0,0
1477,322799.0,0
1478,322859.0,0
1479,323039.0,0
1480,323099.0,0
1481,323159.0,0
1482,323459.0,0
1483,323699.0,0
1484,323759.0,0
1485,323819.0,0
1486,323879.0,0
1487,323939.0,0
1488,323999.0,0
1489,324179.0,0
1490,324239.0,0
1491,324299.0,0
1492,324899.0,0
1493,324959.0,0
1494,325019.0,0
1495,325199.0,0
1496,325259.0,0
1497,325379.0,0
1498,325439.0,0
1499,325499.0,0
1500,325679.0,0
1501,325739.0,0
1502,325919.0,0
1503,325979.0,0
1504,326039.0,0
1505,326099.0,0
1506,326159.0,0
1507,326219.0,0
1508,326279.0,0
1509,326339.0,0
1510,326399.0,0
1511,326519.0,0
1512,326579.0,0
1513,326639.0,0
1514,326699.0,0
1515,326759.0,0
1516,326819.0,0
1517,326879.0,0
1518,326939.0,0
1519,326999.0,0
1520,327059.0,0
1521,327119.0,0
1522,327239.0,0
1523,327299.0,0
1524,327359.0,0
1525,327419.0,0
1526,327479.0,0
1527,327539.0,0
1528,327599.0,0
1529,327659.0,0
1530,327719.0,0
1531,327779.0,0
1532,327899.0,0
1533,327959.0,0
1534,328019.0,0
1535,328079.0,0
1536,328139.0,0
1537,328199.0,0
1538,328259.0,0
1539,328319.0,0
1540,328379.0,0
1541,328439.0,0
1542,328499.0,0
1543,328559.0,0
1544,328619.0,0
1545,328799.0,0
1546,328859.0,0
1547,328919.0,0
1548,328979.0,0
1549,329039.0,0
1550,329099.0,0
1551,329159.0,0
1552,329219.0,0
1553,329459.0,0
1554,329519.0,0
1555,329579.0,0
1556,329639.0,0
1557,329699.0,0
1558,329759.0,0
1559,329819.0,0
1560,329879.0,0
1561,329939.0,0
1562,330059.0,0
1563,330239.0,0
1564,330299.0,0
1565,330359.0,0
1566,330419.0,0
1567,330479.0,0
1568,330539.0,0
1569,330599.0,0
1570,330659.0,0
1571,330719.0,0
1572,330839.0,0
1573,330899.0,0
1574,330959.0,0
1575,331019.0,0
1576,331079.0,0
1577,331139.0,0
1578,331199.0,0
1579,331259.0,0
1580,331319.0,0
1581,331379.0,0
1582,331439.0,0
1583,331499.0,0
1584,331679.0,0
1585,331739.0,0
1586,331799.0,0
1587,331859.0,0
1588,331919.0,0
1589,331979.0,0
1590,332039.0,0
1591,332099.0,0
1592,332159.0,0
1593,332279.0,0
1594,332339.0,0
1595,332399.0,0
1596,332459.0,0
1597,332519.0,0
1598,332579.0,0
1599,332639.0,0
1600,332699.0,0
1601,332759.0,0
1602,332819.0,0
1603,332939.0,0
1604,333119.0,0
1605,333179.0,0
1606,333239.0,0
1607,333299.0,0
1608,333359.0,0
1609,333419.0,0
1610,333479.0,0
1611,333539.0,0
1612,333659.0,0
1613,333719.0,0
1614,333779.0,0
1615,333839.0,0
1616,333899.0,0
1617,333959.0,0
1618,334019.0,0
1619,334979.0,0
1620,335039.0,0
1621,335099.0,0
1622,335159.0,0
1623,335219.0,0
1624,335279.0,0
1625,335339.0,0
1626,335399.0,0
1627,335459.0,0
1628,335519.0,0
1629,335579.0,0
1630,335699.0,0
1631,335759.0,0
1632,335819.0,0
1633,335999.0,0
1634,336059.0,0
1635,336119.0,0
1636,336179.0,0
1637,336239.0,0
1638,336299.0,0
1639,336359.0,0
1640,336419.0,0
1641,336479.0,0
1642,336599.0,0
1643,336659.0,0
1644,336719.0,0
1645,336779.0,0
1646,336839.0,0
1647,336899.0,0
1648,336959.0,0
1649,337019.0,0
1650,337079.0,0
1651,337139.0,0
1652,337259.0,0
1653,337439.0,0
1654,337499.0,0
1655,337559.0,0
1656,337619.0,0
1657,337679.0,0
1658,337739.0,0
1659,337799.0,0
1660,337859.0,0
1661,337979.0,0
1662,338039.0,0
1663,338099.0,0
1664,338159.0,0
1665,338219.0,0
1666,338279.0,0
1667,338339.0,0
1668,338399.0,0
1669,338459.0,0
1670,338519.0,0
1671,338579.0,0
1672,338639.0,0
1673,338699.0,0
1674,338879.0,0
1675,338939.0,0
1676,338999.0,0
1677,339059.0,0
1678,339119.0,0
1679,339179.0,0
1680,339239.0,0
1681,339299.0,0
1682,339419.0,0
1683,339479.0,0
1684,339539.0,0
1685,339599.0,0
1686,339659.0,0
1687,339719.0,0
1688,339839.0,0
1689,339899.0,0
1690,339959.0,0
1691,340019.0,0
1692,340139.0,0
1693,340319.0,0
1694,340379.0,0
1695,340439.0,0
1696,340499.0,0
1697,340559.0,0
1698,340619.0,0
1699,340679.0,0
1700,340739.0,0
1701,340979.0,0
1702,341039.0,0
1703,341099.0,0
1704,341159.0,0
1705,341219.0,0
1706,341279.0,0
1707,341339.0,0
1708,341399.0,0
1709,341459.0,0
1710,341579.0,0
1711,341639.0,0
1712,341699.0,0
1713,341759.0,0
1714,341819.0,0
1715,341879.0,0
1716,341939.0,0
1717,341999.0,0
1718,342059.0,0
1719,342119.0,0
1720,342179.0,0
1721,342299.0,0
1722,342359.0,0
1723,342419.0,0
1724,342479.0,0
1725,342539.0,0
1726,342599.0,0
1727,342659.0,0
1728,342719.0,0
1729,342779.0,0
1730,342839.0,0
1731,342899.0,0
1732,342959.0,0
1733,343079.0,0
1734,343139.0,0
1735,343199.0,0
1736,343259.0,0
1737,343319.0,0
1738,343859.0,0
1739,343919.0,0
1740,343979.0,0
1741,344039.0,0
1742,344099.0,0
1743,344159.0,0
1744,344219.0,0
1745,345119.0,0
1746,345179.0,0
1747,345239.0,0
1748,345299.0,0
1749,345539.0,0
1750,345599.0,0
1751,345659.0,0
1752,345719.0,0
1753,345779.0,0
1754,345899.0,0
1755,346079.0,0
1756,346139.0,0
1757,346199.0,0
1758,346259.0,0
1759,346319.0,0
1760,346379.0,0
1761,346439.0,0
1762,346499.0,0
1763,346559.0,0
1764,346679.0,0
1765,346739.0,0
1766,346799.0,0
1767,346859.0,0
1768,346919.0,0
1769,346979.0,0
1770,347039.0,0
1771,347099.0,0
1772,347159.0,0
1773,347219.0,0
1774,347279.0,0
1775,347519.0,0
1776,347579.0,0
1777,347639.0,0
1778,347699.0,0
1779,347819.0,0
1780,347879.0,0
1781,347939.0,0
1782,347999.0,0
1783,348119.0,0
1784,348179.0,0
1785,348239.0,0
1786,348299.0,0
1787,348359.0,0
1788,348419.0,0
1789,348479.0,0
1790,348539.0,0
1791,348599.0,0
1792,348659.0,0
1793,348719.0,0
1794,348839.0,0
1795,348899.0,0
1796,348959.0,0
1797,349019.0,0
1798,349079.0,0
1799,349139.0,0
1800,349199.0,0
1801,349259.0,0
1802,349319.0,0
1803,349379.0,0
1804,349499.0,0
1805,349559.0,0
1806,349619.0,0
1807,349679.0,0
1808,349739.0,0
1809,349799.0,0
1810,349859.0,0
1811,349919.0,0
1812,350039.0,0
1813,350099.0,0
1814,350339.0,0
1815,350399.0,0
1816,350459.0,0
1817,350519.0,0
1818,350579.0,0
1819,350639.0,0
1820,350819.0,0
1821,350939.0,0
1822,350999.0,0
1823,351059.0,0
1824,351119.0,0
1825,351179.0,0
1826,351239.0,0
1827,351299.0,0
1828,351359.0,0
1829,351419.0,0
1830,351479.0,0
1831,351539.0,0
1832,351599.0,0
1833,351779.0,0
1834,351839.0,0
1835,351899.0,0
1836,351959.0,0
1837,352019.0,0
1838,352079.0,0
1839,352139.0,0
1840,352199.0,0
1841,352259.0,0
1842,352379.0,0
1843,352439.0,0
1844,352499.0,0
1845,352559.0,0
1846,352619.0,0
1847,352679.0,0
1848,352739.0,0
1849,352799.0,0
1850,352859.0,0
1851,352919.0,0
1852,353099.0,0
1853,353159.0,0
1854,353219.0,0
1855,353279.0,0
1856,353339.0,0
1857,353399.0,0
1858,353459.0,0
1859,353699.0,0
1860,353759.0,0
1861,353819.0,0
1862,353879.0,0
1863,353939.0,0
1864,353999.0,0
1865,354059.0,0
1866,354119.0,0
1867,354179.0,0
1868,354239.0,0
1869,354299.0,0
1870,355199.0,0
1871,355259.0,0
1872,355319.0,0
1873,355379.0,0
1874,355439.0,0
1875,355499.0,0
1876,355559.0,0
1877,355619.0,0
1878,355859.0,0
1879,355919.0,0
1880,356099.0,0
1881,356159.0,0
1882,356219.0,0
1883,356279.0,0
1884,356339.0,0
1885,356519.0,0
1886,356579.0,0
1887,356699.0,0
1888,356759.0,0
1889,356819.0,0
1890,356879.0,0
1891,356939.0,0
1892,356999.0,0
1893,357059.0,0
1894,357119.0,0
1895,357179.0,0
1896,357239.0,0
1897,357299.0,0
1898,357359.0,0
1899,357539.0,0
1900,357599.0,0
1901,357659.0,0
1902,357719.0,0
1903,357779.0,0
1904,357839.0,0
1905,357899.0,0
1906,357959.0,0
1907,358019.0,0
1908,358199.0,0
1909,358259.0,0
1910,358319.0,0
1911,358379.0,0
1912,358439.0,0
1913,358499.0,0
1914,358559.0,0
1915,358619.0,0
1916,358679.0,0
1917,358739.0,0
1918,358799.0,0
1919,359039.0,0
1920,359099.0,0
1921,359159.0,0
1922,359219.0,0
1923,359279.0,0
1924,359339.0,0
1925,359399.0,0
1926,359459.0,0
1927,359579.0,0
1928,359639.0,0
1929,359699.0,0
1930,359759.0,0
1931,359819.0,0
1932,359879.0,0
1933,359939.0,0
1934,359999.0,0
1935,360059.0,0
1936,360119.0,0
1937,360179.0,0
1938,360299.0,0
1939,360479.0,0
1940,360539.0,0
1941,360599.0,0
1942,360659.0,0
1943,360719.0,0
1944,360779.0,0
1945,360899.0,0
1946,361079.0,0
1947,361139.0,0
1948,361199.0,0
1949,361259.0,0
1950,361319.0,0
1951,361379.0,0
1952,361439.0,0
1953,361499.0,0
1954,361559.0,0
1955,361619.0,0
1956,361739.0,0
1957,361919.0,0
1958,361979.0,0
1959,362039.0,0
1960,362099.0,0
1961,362159.0,0
1962,362279.0,0
1963,362339.0,0
1964,362459.0,0
1965,362519.0,0
1966,362579.0,0
1967,362639.0,0
1968,362699.0,0
1969,362759.0,0
1970,362879.0,0
1971,362939.0,0
1972,363059.0,0
1973,363119.0,0
1974,363359.0,0
1975,363419.0,0
1976,363479.0,0
1977,363539.0,0
1978,363599.0,0
1979,363659.0,0
1980,363704.0,0
1981,363719.0,0
1982,363734.0,0
1983,363764.0,0
1984,363779.0,0
1985,363824.0,0
1986,363839.0,0
1987,363899.0,0
1988,363959.0,0
1989,364019.0,0
1990,364079.0,0
1991,364139.0,0
1992,364199.0,0
1993,364259.0,0
1994,364319.0,0
1995,365159.0,0
1996,365219.0,0
1997,365279.0,0
1998,365339.0,0
1999,365579.0,0
2000,365699.0,0
2001,365819.0,0
2002,365999.0,0
2003,366479.0,0
2004,366599.0,0
2005,367139.0,0
2006,367199.0,0
2007,367439.0,0
2008,367499.0,0
2009,367559.0,0
2010,367679.0,0
2011,367739.0,0
2012,367799.0,0
2013,367859.0,0
2014,367919.0,0
2015,367979.0,0
2016,368099.0,0
2017,368279.0,0
2018,368339.0,0
2019,368399.0,0
2020,368459.0,0
2021,368519.0,0
2022,368579.0,0
2023,368639.0,0
2024,368819.0,0
2025,368879.0,0
2026,368999.0,0
2027,369119.0,0
2028,369179.0,0
2029,369239.0,0
2030,369299.0,0
2031,369359.0,0
2032,369419.0,0
2033,369479.0,0
2034,369539.0,0
2035,369659.0,0
2036,369719.0,0
2037,369779.0,0
2038,369839.0,0
2039,369899.0,0
2040,369959.0,0
2041,370019.0,0
2042,370079.0,0
2043,370139.0,0
2044,370319.0,0
2045,370379.0,0
2046,370559.0,0
2047,370619.0,0
2048,370679.0,0
2049,370739.0,0
2050,370799.0,0
2051,370859.0,0
2052,370919.0,0
2053,371099.0,0
2054,371159.0,0
2055,371219.0,0
2056,371279.0,0
2057,371339.0,0
2058,371399.0,0
2059,371459.0,0
2060,371519.0,0
2061,376019.0,0
2062,376079.0,0
2063,376139.0,0
2064,376199.0,0
2065,377219.0,0
2066,377279.0,0
2067,377339.0,0
2068,377459.0,0
2069,377699.0,0
2070,377759.0,0
2071,377819.0,0
2072,377879.0,0
2073,377939.0,0
2074,377999.0,0
2075,378059.0,0
2076,378179.0,0
2077,378299.0,0
2078,378419.0,0
2079,378479.0,0
2080,378539.0,0
2081,378599.0,0
2082,378719.0,0
2083,378779.0,0
2084,378899.0,0
2085,379079.0,0
2086,379199.0,0
2087,379259.0,0
2088,379319.0,0
2089,379379.0,0
2090,379439.0,0
2091,379499.0,0
2092,379559.0,0
2093,379619.0,0
2094,379739.0,0
2095,379799.0,0
2096,379859.0,0
2097,379919.0,0
2098,379979.0,0
2099,380039.0,0
2100,380099.0,0
2101,380159.0,0
2102,380279.0,0
2103,380459.0,0
2104,380639.0,0
2105,380699.0,0
2106,380759.0,0
2107,380819.0,0
2108,380879.0,0
2109,380939.0,0
2110,380999.0,0
2111,381059.0,0
2112,381179.0,0
2113,381299.0,0
2114,381359.0,0
2115,381419.0,0
2116,381539.0,0
2117,381599.0,0
2118,381659.0,0
2119,381839.0,0
2120,382079.0,0
2121,382139.0,0
2122,382199.0,0
2123,382259.0,0
2124,382319.0,0
2125,382379.0,0
2126,382439.0,0
2127,382499.0,0
2128,382619.0,0
2129,382679.0,0
2130,382739.0,0
2131,382799.0,0
2132,382859.0,0
2133,382919.0,0
2134,382979.0,0
2135,383039.0,0
2136,383219.0,0
2137,383579.0,0
2138,383639.0,0
2139,383699.0,0
2140,383759.0,0
2141,383819.0,0
2142,383879.0,0
2143,384119.0,0
2144,384179.0,0
2145,384239.0,0
2146,384299.0,0
2147,384419.0,0
2148,384479.0,0
2149,384539.0,0
2150,384659.0,0
2151,384839.0,0
2152,384959.0,0
2153,385019.0,0
2154,385079.0,0
2155,385139.0,0
2156,385199.0,0
2157,385259.0,0
2158,385319.0,0
2159,385379.0,0
2160,385499.0,0
2161,385559.0,0
2162,385619.0,0
2163,385679.0,0
2164,385739.0,0
2165,385799.0,0
2166,385859.0,0
2167,385919.0,0
2168,386159.0,0
2169,386219.0,0
2170,386279.0,0
2171,386399.0,0
2172,386459.0,0
2173,386519.0,0
2174,386579.0,0
2175,386639.0,0
2176,386699.0,0
2177,386759.0,0
2178,386819.0,0
2179,386939.0,0
2180,386999.0,0
2181,387059.0,0
2182,387119.0,0
2183,387179.0,0
2184,387239.0,0
2185,387299.0,0
2186,387359.0,0
2187,387419.0,0
2188,387539.0,0
2189,387599.0,0
2190,387899.0,0
2191,387959.0,0
2192,388019.0,0
2193,388079.0,0
2194,388139.0,0
2195,388199.0,0
2196,388439.0,0
2197,388499.0,0
2198,388559.0,0
2199,388619.0,0
2200,388679.0,0
2201,388739.0,0
2202,388799.0,0
2203,388919.0,0
2204,389219.0,0
2205,389279.0,0
2206,389339.0,0
2207,389399.0,0
2208,389459.0,0
2209,389519.0,0
2210,389579.0,0
2211,389639.0,0
2212,389879.0,0
2213,389939.0,0
2214,389999.0,0
2215,390059.0,0
2216,390119.0,0
2217,390179.0,0
2218,390239.0,0
2219,390359.0,0
2220,390539.0,0
2221,390719.0,0
2222,390779.0,0
2223,390839.0,0
2224,390899.0,0
2225,390959.0,0
2226,391019.0,0
2227,391139.0,0
2228,391259.0,0
2229,391379.0,0
2230,391439.0,0
2231,391499.0,0
2232,391559.0,0
2233,391619.0,0
2234,391679.0,0
2235,391859.0,0
2236,392219.0,0
2237,392279.0,0
2238,395339.0,0
2239,395399.0,0
2240,395459.0,0
2241,395519.0,0
2242,395939.0,0
2243,397379.0,0
2244,398039.0,0
2245,398339.0,0
2246,398699.0,0
2247,398759.0,0
2248,398819.0,0
2249,398879.0,0
2250,401159.0,0
2251,401219.0,0
2252,401279.0,0
2253,401339.0,0
2254,401459.0,0
2255,401579.0,0
2256,401639.0,0
2257,401699.0,0
2258,404039.0,0
2259,404099.0,0
2260,404159.0,0
2261,404219.0,0
2262,404279.0,0
2263,404339.0,0
2264,404399.0,0
2265,404459.0,0
2266,404519.0,0
2267,404579.0,0
2268,404729.0,0
2269,404819.0,0
2270,404834.0,0
2271,404849.0,0
2272,404879.0,0
2273,404894.0,0
2274,404909.0,0
2275,404939.0,0
2276,404954.0,0
2277,404969.0,0
2278,404999.0,0
2279,405014.0,0
2280,405029.0,0
2281,405179.0,0
2282,405479.0,0
2283,405539.0,0
2284,405599.0,0
2285,405959.0,0
2286,405989.0,0
2287,406004.0,0
2288,406019.0,0
2289,406319.0,0
2290,406379.0,0
2291,406439.0,0
2292,406799.0,0
2293,406979.0,0
2294,407039.0,0
2295,407099.0,0
2296,407159.0,0
2297,407219.0,0
2298,407279.0,0
2299,407459.0,0
2300,407639.0,0
2301,407939.0,0
2302,408059.0,0
2303,408119.0,0
2304,408179.0,0
2305,408239.0,0
2306,408299.0,0
2307,408359.0,0
2308,408539.0,0
2309,408599.0,0
2310,408659.0,0
2311,408719.0,0
2312,408779.0,0
2313,408899.0,0
2314,409259.0,0
2315,409499.0,0
2316,409559.0,0
2317,409619.0,0
2318,409739.0,0
2319,409799.0,0
2320,410039.0,0
2321,410099.0,0
2322,410159.0,0
2323,410339.0,0
2324,410579.0,0
2325,410939.0,0
2326,410999.0,0
2327,411059.0,0
2328,411119.0,0
2329,411239.0,0
2330,411479.0,0
2331,411539.0,0
2332,411599.0,0
2333,411719.0,0
2334,411779.0,0
2335,411899.0,0
2336,412079.0,0
2337,412379.0,0
2338,412439.0,0
2339,412499.0,0
2340,412559.0,0
2341,412619.0,0
2342,412679.0,0
2343,412859.0,0
2344,412919.0,0
2345,412979.0,0
2346,413039.0,0
2347,413099.0,0
2348,413219.0,0
2349,413279.0,0
2350,413339.0,0
2351,413519.0,0
2352,413819.0,0
2353,413879.0,0
2354,413939.0,0
2355,413999.0,0
2356,415499.0,0
2357,415559.0,0
2358,415619.0,0
2359,415679.0,0
2360,415739.0,0
2361,415799.0,0
2362,415859.0,0
2363,415919.0,0
2364,415979.0,0
2365,416099.0,0
2366,417179.0,0
2367,417239.0,0
2368,417299.0,0
2369,417359.0,0
2370,417419.0,0
2371,417479.0,0
2372,417539.0,0
2373,417599.0,0
2374,417659.0,0
2375,417839.0,0
2376,418139.0,0
2377,418199.0,0
2378,418259.0,0
2379,418319.0,0
2380,418379.0,0
2381,418439.0,0
2382,418499.0,0
2383,418619.0,0
2384,418679.0,0
2385,418739.0,0
2386,418799.0,0
2387,418859.0,0
2388,418919.0,0
2389,418979.0,0
2390,419279.0,0
2391,419339.0,0
2392,420779.0,0
2393,420839.0,0
2394,420899.0,0
2395,420959.0,0
2396,421019.0,0
2397,421079.0,0
2398,421139.0,0
2399,421199.0,0
2400,421259.0,0
2401,421319.0,0
2402,421559.0,0
2403,421619.0,0
2404,421679.0,0
2405,421739.0,0
2406,421799.0,0
2407,421859.0,0
2408,421979.0,0
2409,422159.0,0
2410,422459.0,0
2411,422519.0,0
2412,422579.0,0
2413,422639.0,0
2414,422699.0,0
2415,422759.0,0
2416,422819.0,0
2417,422939.0,0
2418,422999.0,0
2419,423059.0,0
2420,423119.0,0
2421,423179.0,0
2422,423239.0,0
2423,423299.0,0
2424,423359.0,0
2425,423419.0,0
2426,423719.0,0
2427,423899.0,0
2428,423959.0,0
2429,424019.0,0
2430,424079.0,0
2431,424139.0,0
2432,424199.0,0
2433,424259.0,0
2434,424379.0,0
2435,424439.0,0
2436,424499.0,0
2437,424559.0,0
2438,424619.0,0
2439,424679.0,0
2440,424739.0,0
2441,424799.0,0
2442,427619.0,0
2443,427979.0,0
2444,428099.0,0
2445,428159.0,0
2446,428219.0,0
2447,428279.0,0
2448,428339.0,0
2449,428399.0,0
2450,428459.0,0
2451,428519.0,0
2452,428699.0,0
2453,428759.0,0
2454,428819.0,0
2455,428879.0,0
2456,428939.0,0
2457,428999.0,0
2458,429059.0,0
2459,429119.0,0
2460,429239.0,0
2461,429299.0,0
2462,429359.0,0
2463,429419.0,0
2464,429539.0,0
2465,429599.0,0
2466,429659.0,0
2467,429719.0,0
2468,429779.0,0
2469,429839.0,0
2470,429899.0,0
2471,429959.0,0
2472,430019.0,0
2473,430079.0,0
2474,430139.0,0
2475,430199.0,0
2476,430259.0,0
2477,430319.0,0
2478,430379.0,0
2479,430439.0,0
2480,430499.0,0
2481,430559.0,0
2482,430619.0,0
2483,430739.0,0
2484,430799.0,0
2485,430859.0,0
2486,430919.0,0
2487,430979.0,0
2488,431039.0,0
2489,431099.0,0
2490,431159.0,0
2491,431219.0,0
2492,431279.0,0
2493,431339.0,0
2494,431399.0,0
2495,431459.0,0
2496,431519.0,0
2497,431579.0,0
2498,431639.0,0
2499,431699.0,0
2500,431759.0,0
2501,431819.0,0
2502,431879.0,0
2503,431939.0,0
2504,432299.0,0
2505,432359.0,0
2506,432419.0,0
2507,432479.0,0
2508,432539.0,0
2509,432599.0,0
2510,432659.0,0
2511,432719.0,0
2512,432779.0,0
2513,432839.0,0
2514,432899.0,0
2515,432959.0,0
2516,433019.0,0
2517,433079.0,0
2518,433139.0,0
2519,433199.0,0
2520,433259.0,0
2521,433319.0,0
2522,433379.0,0
2523,433499.0,0
2524,433619.0,0
2525,433679.0,0
2526,433799.0,0
2527,433859.0,0
2528,433919.0,0
2529,433979.0,0
2530,434039.0,0
2531,434099.0,0
2532,434159.0,0
2533,434279.0,0
2534,434339.0,0
2535,434399.0,0
2536,434459.0,0
2537,434519.0,0
2538,434579.0,0
2539,434639.0,0
2540,434699.0,0
2541,434759.0,0
2542,434819.0,0
2543,434879.0,0
2544,435599.0,0
2545,435719.0,0
2546,435779.0,0
2547,435839.0,0
2548,435899.0,0
2549,435959.0,0
2550,436019.0,0
2551,436079.0,0
2552,436199.0,0
2553,436259.0,0
2554,436319.0,0
2555,436439.0,0
2556,436499.0,0
2557,436619.0,0
2558,436739.0,0
2559,436799.0,0
2560,436859.0,0
2561,436919.0,0
2562,436979.0,0
2563,437039.0,0
2564,437099.0,0
2565,437159.0,0
2566,437279.0,0
2567,437339.0,0
2568,437459.0,0
2569,437519.0,0
2570,437699.0,0
2571,437759.0,0
2572,437819.0,0
2573,439499.0,0
2574,439559.0,0
2575,439619.0,0
2576,439679.0,0
2577,439799.0,0
2578,440039.0,0
2579,440099.0,0
2580,440219.0,0
2581,440279.0,0
2582,440459.0,0
2583,440639.0,0
2584,440699.0,0
2585,441299.0,0
2586,441359.0,0
2587,441419.0,0
2588,441479.0,0
2589,441539.0,0
2590,441599.0,0
2591,441779.0,0
2592,442079.0,0
2593,442139.0,0
2594,442379.0,0
2595,442499.0,0
2596,442679.0,0
2597,442739.0,0
2598,442859.0,0
2599,443039.0,0
2600,443159.0,0
2601,443279.0,0
2602,443399.0,0
2603,443459.0,0
2604,449999.0,0
2605,450059.0,0
2606,450119.0,0
2607,450179.0,0
2608,450239.0,0
2609,450359.0,0
2610,450419.0,0
2611,450599.0,0
2612,450659.0,0
2613,450719.0,0
2614,450779.0,0
2615,451079.0,0
2616,451199.0,0
2617,451259.0,0
2618,451319.0,0
2619,451379.0,0
2620,451439.0,0
2621,451499.0,0
2622,451619.0,0
2623,451679.0,0
2624,451739.0,0
2625,451799.0,0
2626,451919.0,0
2627,452039.0,0
2628,452159.0,0
2629,452219.0,0
2630,452999.0,0
2631,453059.0,0
2632,453119.0,0
2633,453179.0,0
2634,453239.0,0
2635,453299.0,0
2636,453359.0,0
2637,453479.0,0
2638,453539.0,0
2639,453599.0,0
2640,453659.0,0
2641,453839.0,0
2642,454019.0,0
2643,454079.0,0
2644,454139.0,0
2645,454199.0,0
2646,454259.0,0
2647,454319.0,0
2648,454379.0,0
2649,454499.0,0
2650,454559.0,0
2651,454619.0,0
2652,454679.0,0
2653,454739.0,0
2654,454799.0,0
2655,454859.0,0
2656,454919.0,0
2657,455039.0,0
2658,455219.0,0
2659,455519.0,0
2660,455639.0,0
2661,455699.0,0
2662,455759.0,0
2663,455819.0,0
2664,455939.0,0
2665,455999.0,0
2666,456059.0,0
2667,456119.0,0
2668,456179.0,0
2669,456299.0,0
2670,456479.0,0
2671,456659.0,0
2672,456779.0,0
2673,457919.0,0
2674,457979.0,0
2675,462539.0,0
2676,462599.0,0
2677,462659.0,0
2678,462719.0,0
2679,462959.0,0
2680,463259.0,0
2681,463439.0,0
2682,463499.0,0
2683,466859.0,0
2684,466919.0,0
2685,466979.0,0
2686,467039.0,0
2687,467219.0,0
2688,467639.0,0
2689,467759.0,0
2690,467819.0,0
2691,472619.0,0
2692,472679.0,0
2693,472739.0,0
2694,472799.0,0
2695,473519.0,0
2696,473579.0,0
2697,476639.0,0
2698,476699.0,0
2699,476999.0,0
2700,477179.0,0
2701,477299.0,0
2702,477599.0,0
2703,477959.0,0
2704,478079.0,0
2705,478199.0,0
2706,478379.0,0
2707,479459.0,0
2708,479519.0,0
2709,480119.0,0
2710,480599.0,0
2711,480959.0,0
2712,482459.0,0
2713,482759.0,0
2714,483659.0,0
2715,483719.0,0
2716,483779.0,0
2717,484259.0,0
2718,484319.0,0
2719,484379.0,0
2720,484979.0,0
2721,485039.0,0
2722,485099.0,0
2723,485159.0,0
2724,485699.0,0
2725,485759.0,0
2726,485819.0,0
2727,486659.0,0
2728,486719.0,0
2729,487019.0,0
2730,488159.0,0
2731,489599.0,0
2732,490319.0,0
2733,490499.0,0
2734,490979.0,0
2735,491039.0,0
2736,491939.0,0
2737,492479.0,0
2738,493919.0,0
2739,495359.0,0
2740,495539.0,0
2741,495719.0,0
2742,496799.0,0
2743,498239.0,0
2744,498419.0,0
2745,498539.0,0
2746,498839.0,0
2747,498899.0,0
2748,499019.0,0
2749,499079.0,0
2750,499559.0,0
2751,501119.0,0
2752,501299.0,0
2753,501419.0,0
2754,502559.0,0
2755,502799.0,0
2756,503039.0,0
2757,503759.0,0
2758,503999.0,0
2759,504059.0,0
2760,504359.0,0
2761,504419.0,0
2762,504479.0,0
2763,505319.0,0
2764,505379.0,0
2765,505439.0,0
2766,505679.0,0
2767,505979.0,0
2768,506039.0,0
2769,506099.0,0
2770,506219.0,0
2771,506399.0,0
2772,506459.0,0
2773,506579.0,0
2774,506639.0,0
2775,506699.0,0
2776,506879.0,0
2777,506939.0,0
2778,-1.0,0
2779,19469.0,1
2780,19514.0,0
2781,19589.0,1
2782,29999.0,0
2783,30014.0,1
2784,46664.0,0
2785,46679.0,0
2786,46709.0,0
2787,46724.0,0
2788,46739.0,0
2789,46769.0,0
2790,46784.0,0
2791,64589.0,0
2792,64604.0,0
2793,65444.0,0
2794,65459.0,0
2795,94184.0,0
2796,94199.0,0
2797,94214.0,0
2798,94259.0,0
2799,94574.0,0
2800,94604.0,1
2801,120044.0,0
2802,120059.0,0
2803,120074.0,1
2804,131369.0,0
2805,131384.0,0
2806,131444.0,0
2807,131459.0,1
2808,140879.0,0
2809,140894.0,0
2810,145229.0,0
2811,145244.0,0
2812,145259.0,0
2813,145274.0,0
2814,145289.0,0
2815,147704.0,0
2816,147719.0,0
2817,166334.0,0
2818,166349.0,0
2819,166634.0,0
2820,166649.0,0
2821,178094.0,0
2822,178109.0,0
2823,178154.0,0
2824,178169.0,0
2825,186059.0,0
2826,186074.0,0
2827,186134.0,0
2828,186149.0,0
2829,187709.0,0
2830,187739.0,0
2831,188219.0,0
2832,188249.0,0
2833,188294.0,0
2834,188309.0,0
2835,189689.0,0
2836,189704.0,0
2837,189989.0,0
2838,190004.0,0
2839,195284.0,0
2840,195299.0,0
2841,198929.0,0
2842,198944.0,0
2843,199244.0,0
2844,199259.0,0
2845,199619.0,0
2846,199634.0,0
2847,200969.0,0
2848,200999.0,0
2849,201029.0,0
2850,201044.0,0
2851,201104.0,0
2852,201119.0,0
2853,201209.0,0
2854,201224.0,0
2855,201239.0,0
2856,201269.0,0
2857,204779.0,0
2858,204809.0,0
2859,205019.0,0
2860,205064.0,0
2861,205394.0,0
2862,205424.0,0
2863,205454.0,0
2864,205484.0,0
2865,207359.0,0
2866,207374.0,0
2867,207809.0,0
2868,207824.0,0
2869,207869.0,0
2870,207884.0,0
2871,208439.0,0
2872,208499.0,0
2873,208634.0,0
2874,208679.0,0
2875,216554.0,0
2876,216599.0,0
2877,216614.0,0
2878,216854.0,0
2879,216884.0,0
2880,217034.0,0
2881,217049.0,0
2882,217064.0,0
2883,217109.0,0
2884,218309.0,0
2885,218324.0,0
2886,218354.0,0
2887,218414.0,0
2888,226469.0,0
2889,226499.0,0
2890,227609.0,0
2891,227624.0,0
2892,227639.0,0
2893,230924.0,0
2894,230939.0,0
2895,241454.0,0
2896,241484.0,0
2897,242969.0,0
2898,242984.0,0
2899,245714.0,0
2900,245729.0,0
2901,245744.0,0
2902,245759.0,0
2903,245774.0,0
2904,245894.0,0
2905,245909.0,0
2906,248294.0,0
2907,248324.0,0
2908,249929.0,0
2909,249959.0,0
2910,251264.0,0
2911,251324.0,0
2912,255869.0,0
2913,255884.0,0
2914,256034.0,0
2915,256049.0,0
2916,259484.0,0
2917,259499.0,0
2918,259799.0,0
2919,259814.0,0
2920,260174.0,0
2921,260189.0,0
2922,260549.0,0
2923,260579.0,0
2924,260594.0,0
2925,271514.0,0
2926,271574.0,0
2927,295754.0,0
2928,295769.0,0
2929,300149.0,0
2930,300179.0,0
2931,300344.0,0
2932,300359.0,0
2933,300419.0,0
2934,300434.0,0
2935,301709.0,0
2936,301739.0,0
2937,301754.0,0
2938,326414.0,0
2939,326429.0,0
2940,326444.0,0
2941,326474.0,0
2942,326504.0,0
2943,330674.0,0
2944,330704.0,0
2945,330734.0,0
2946,330764.0,0
2947,332039.0,0
2948,332084.0,0
2949,339074.0,0
2950,339089.0,0
2951,341204.0,0
2952,341219.0,0
2953,343694.0,0
2954,343709.0,0
2955,343814.0,0
2956,343829.0,0
2957,351614.0,0
2958,351629.0,0
2959,356294.0,0
2960,356309.0,0
2961,356984.0,0
2962,356999.0,0
2963,357194.0,0
2964,357239.0,0
2965,357269.0,0
2966,357299.0,0
2967,357524.0,0
2968,357539.0,0
2969,358349.0,0
2970,358379.0,0
2971,359189.0,0
2972,359204.0,0
2973,360479.0,0
2974,360494.0,0
2975,360569.0,0
2976,360599.0,0
2977,360614.0,0
2978,360644.0,0
2979,360674.0,0
2980,360689.0,0
2981,360704.0,0
2982,360974.0,0
2983,360989.0,0
2984,361154.0,0
2985,361169.0,0
2986,361184.0,0
2987,361679.0,0
2988,361739.0,0
2989,362354.0,0
2990,362369.0,0
2991,362399.0,0
2992,362429.0,0
2993,362474.0,0
2994,362504.0,0
2995,363179.0,0
2996,363209.0,0
2997,363224.0,0
2998,363239.0,0
2999,363254.0,0
3000,363269.0,0
3001,363284.0,0
3002,363434.0,0
3003,363464.0,0
3004,363479.0,0
3005,367079.0,0
3006,367094.0,0
3007,367769.0,0
3008,367784.0,0
3009,367904.0,0
3010,367919.0,0
3011,370319.0,0
3012,370334.0,0
3013,370514.0,0
3014,370559.0,0
3015,370574.0,0
3016,370889.0,0
3017,370919.0,0
3018,383174.0,0
3019,383189.0,0
3020,383204.0,0
3021,383219.0,0
3022,383279.0,0
3023,383579.0,0
3024,383594.0,0
3025,383609.0,0
3026,383624.0,0
3027,383789.0,0
3028,383819.0,0
3029,386609.0,0
3030,386624.0,0
3031,386669.0,0
3032,386684.0,0
3033,387509.0,0
3034,387539.0,0
3035,388064.0,0
3036,388079.0,0
3037,388139.0,0
3038,388154.0,0
3039,388214.0,0
3040,388244.0,0
3041,388274.0,0
3042,388304.0,0
3043,388319.0,0
3044,388364.0,0
3045,388394.0,0
3046,388409.0,0
3047,388604.0,0
3048,388634.0,0
3049,389369.0,0
3050,389384.0,0
3051,389399.0,0
3052,389669.0,0
3053,389699.0,0
3054,395549.0,0
3055,395564.0,0
3056,404234.0,0
3057,404264.0,0
3058,404429.0,0
3059,404459.0,0
3060,404474.0,0
3061,404909.0,0
3062,404939.0,0
3063,405614.0,0
3064,405629.0,0
3065,405824.0,0
3066,405839.0,0
3067,405884.0,0
3068,405899.0,0
3069,405929.0,0
3070,405944.0,0
3071,408434.0,0
3072,408449.0,0
3073,409664.0,0
3074,409679.0,0
3075,409694.0,0
3076,409829.0,0
3077,409859.0,0
3078,410204.0,0
3079,410234.0,0
3080,410294.0,0
3081,410339.0,0
3082,410954.0,0
3083,410984.0,0
3084,413204.0,0
3085,413219.0,0
3086,413234.0,0
3087,413264.0,0
3088,413279.0,0
3089,413534.0,0
3090,413549.0,0
3091,413564.0,0
3092,418304.0,0
3093,418319.0,0
3094,418379.0,0
3095,418409.0,0
3096,418424.0,0
3097,418439.0,0
3098,418514.0,0
3099,418544.0,0
3100,418574.0,0
3101,418589.0,0
3102,418799.0,0
3103,418814.0,0
3104,418844.0,0
3105,418874.0,0
3106,421274.0,0
3107,421319.0,0
3108,421364.0,0
3109,421454.0,0
3110,421469.0,0
3111,422729.0,0
3112,422744.0,0
3113,422759.0,0
3114,422774.0,0
3115,422789.0,0
3116,422804.0,0
3117,422834.0,0
3118,422849.0,0
3119,422864.0,0
3120,423449.0,0
3121,423509.0,0
3122,423524.0,0
3123,423554.0,0
3124,423674.0,0
3125,423704.0,0
3126,423749.0,0
3127,423779.0,0
3128,424724.0,0
3129,424739.0,0
3130,428384.0,0
3131,428399.0,0
3132,432929.0,0
3133,432959.0,0
3134,433214.0,0
3135,433229.0,0
3136,433259.0,0
3137,433289.0,0
3138,433334.0,0
3139,433349.0,0
3140,433829.0,0
3141,433844.0,0
3142,433859.0,0
3143,433889.0,0
3144,434039.0,0
3145,434084.0,0
3146,434489.0,0
3147,434519.0,0
3148,434564.0,0
3149,434579.0,0
3150,434849.0,0
3151,434864.0,0
3152,434879.0,0
3153,434894.0,0
3154,435029.0,0
3155,435044.0,0
3156,435479.0,0
3157,435494.0,0
3158,436214.0,0
3159,436244.0,0
3160,436289.0,0
3161,436304.0,0
3162,436649.0,0
3163,436664.0,0
3164,440144.0,0
3165,440159.0,0
3166,442094.0,0
3167,442109.0,0
3168,442124.0,0
3169,442199.0,0
3170,442274.0,0
3171,442304.0,0
3172,442334.0,0
3173,442349.0,0
3174,450254.0,0
3175,450269.0,0
3176,450719.0,0
3177,450734.0,0
3178,450749.0,0
3179,450764.0,0
3180,451079.0,0
3181,451094.0,0
3182,451319.0,0
3183,451334.0,0
3184,451394.0,0
3185,451409.0,0
3186,451454.0,0
3187,451499.0,0
3188,451514.0,0
3189,451529.0,0
3190,451634.0,0
3191,451649.0,0
3192,456509.0,0
3193,456524.0,0
3194,456884.0,0
3195,456899.0,0
3196,456914.0,0
3197,463274.0,0
3198,463304.0,0
3199,463349.0,0
3200,463379.0,0
3201,483404.0,0
3202,483419.0,0
3203,483644.0,0
3204,483659.0,0
